insert into authors (id, name, description, slug) values (1, 'Vern Valente', 'Programmer I', '#ce1c63');
insert into authors (id, name, description, slug) values (2, 'Allis Bonallack', 'Senior Cost Accountant', '#4bdd0c');
insert into authors (id, name, description, slug) values (3, 'Jenica Brobak', 'Graphic Designer', '#566991');
insert into authors (id, name, description, slug) values (4, 'Claus Lytell', 'Environmental Tech', '#44d886');
insert into authors (id, name, description, slug) values (5, 'Stacee De la Harpe', 'Safety Technician III', '#4cb086');
insert into authors (id, name, description, slug) values (6, 'Alice Killner', 'Payment Adjustment Coordinator', '#ec3e25');
insert into authors (id, name, description, slug) values (7, 'Phylys Lowther', 'Senior Quality Engineer', '#8e8d8d');
insert into authors (id, name, description, slug) values (8, 'Marion Ouldred', 'Chief Design Engineer', '#688db4');
insert into authors (id, name, description, slug) values (9, 'Lauree Inderwick', 'Safety Technician IV', '#8c4196');
insert into authors (id, name, description, slug) values (10, 'Karel Waistall', 'Registered Nurse', '#4e159c');
insert into authors (id, name, description, slug) values (11, 'Luce Going', 'Administrative Assistant II', '#20e4aa');
insert into authors (id, name, description, slug) values (12, 'Madeleine Yerrington', 'Accountant II', '#98fa2a');
insert into authors (id, name, description, slug) values (13, 'Margareta Kinghorn', 'Compensation Analyst', '#368698');
insert into authors (id, name, description, slug) values (14, 'Cesaro Endon', 'Senior Quality Engineer', '#25a274');
insert into authors (id, name, description, slug) values (15, 'Terrijo Brittain', 'Desktop Support Technician', '#d38446');
insert into authors (id, name, description, slug) values (16, 'Corey Yakovlev', 'Staff Scientist', '#9757e7');
insert into authors (id, name, description, slug) values (17, 'Carver Brick', 'Assistant Professor', '#2f35ff');
insert into authors (id, name, description, slug) values (18, 'Annabelle Holley', 'Office Assistant IV', '#5db381');
insert into authors (id, name, description, slug) values (19, 'Nadya Kimble', 'Administrative Assistant I', '#d6ddef');
insert into authors (id, name, description, slug) values (20, 'Otis Swin', 'Research Associate', '#0b600b');
insert into authors (id, name, description, slug) values (21, 'Corrie Jowsey', 'Senior Quality Engineer', '#5818d1');
insert into authors (id, name, description, slug) values (22, 'Josee Balderston', 'Operator', '#385f0e');
insert into authors (id, name, description, slug) values (23, 'Timmie Cobbin', 'Budget/Accounting Analyst II', '#88a147');
insert into authors (id, name, description, slug) values (24, 'Gardy Castagnaro', 'Junior Executive', '#4d9f52');
insert into authors (id, name, description, slug) values (25, 'Delores Cromwell', 'Software Engineer III', '#38dd33');

insert into books (id, pub_date, is_bestseller, slug, title, image, description, price, discount) values (1, '20.03.2020', 1, 'book-ilp-658', 'King of Kings', 'http://dummyimage.com/721x737.png/cc0000/ffffff', 'Etiam pretium iaculis justo. In hac habitasse platea dictumst. Etiam faucibus cursus urna. Ut tellus. Nulla ut erat id mauris vulputate elementum.', 1008, 4);
insert into books (id, pub_date, is_bestseller, slug, title, image, description, price, discount) values (2, '25.11.2018', 0, 'book-jbr-125', 'Sunset Strip', 'http://dummyimage.com/355x343.png/cc0000/ffffff', 'Duis aliquam convallis nunc. Proin at turpis a pede posuere nonummy. Integer non velit. Donec diam neque, vestibulum eget, vulputate ut, ultrices vel, augue. Vestibulum ante ipsum primis in faucibus orci luctus et ultrices posuere cubilia Curae; Donec pharetra, magna vestibulum aliquet ultrices, erat tortor sollicitudin mi, sit amet lobortis sapien sapien non mi.', 1668, 2);
insert into books (id, pub_date, is_bestseller, slug, title, image, description, price, discount) values (3, '26.10.2005', 0, 'book-njr-794', 'Patton', 'http://dummyimage.com/303x315.png/dddddd/000000', 'Nullam varius. Nulla facilisi. Cras non velit nec nisi vulputate nonummy. Maecenas tincidunt lacus at velit. Vivamus vel nulla eget eros elementum pellentesque. Quisque porta volutpat erat.', 2452, 4);
insert into books (id, pub_date, is_bestseller, slug, title, image, description, price, discount) values (4, '01.06.2019', 0, 'book-qvl-454', 'Animal Farm', 'http://dummyimage.com/641x596.png/ff4444/ffffff', 'Sed ante. Vivamus tortor. Duis mattis egestas metus. Aenean fermentum. Donec ut mauris eget massa tempor convallis.', 532, 3);
insert into books (id, pub_date, is_bestseller, slug, title, image, description, price, discount) values (5, '18.08.2011', 1, 'book-mgs-971', 'Moebius', 'http://dummyimage.com/551x697.png/ff4444/ffffff', 'Phasellus in felis. Donec semper sapien a libero. Nam dui. Proin leo odio, porttitor id, consequat in, consequat ut, nulla. Sed accumsan felis. Ut at dolor quis odio consequat varius.', 1075, 4);
insert into books (id, pub_date, is_bestseller, slug, title, image, description, price, discount) values (6, '03.02.2020', 1, 'book-xgb-310', 'Winning', 'http://dummyimage.com/576x278.png/5fa2dd/ffffff', 'Praesent lectus. Vestibulum quam sapien, varius ut, blandit non, interdum in, ante. Vestibulum ante ipsum primis in faucibus orci luctus et ultrices posuere cubilia Curae; Duis faucibus accumsan odio. Curabitur convallis. Duis consequat dui nec nisi volutpat eleifend.', 102, 5);
insert into books (id, pub_date, is_bestseller, slug, title, image, description, price, discount) values (7, '21.09.2023', 0, 'book-qbc-180', '12:01 PM', 'http://dummyimage.com/708x326.png/cc0000/ffffff', 'Duis aliquam convallis nunc. Proin at turpis a pede posuere nonummy. Integer non velit. Donec diam neque, vestibulum eget, vulputate ut, ultrices vel, augue. Vestibulum ante ipsum primis in faucibus orci luctus et ultrices posuere cubilia Curae; Donec pharetra, magna vestibulum aliquet ultrices, erat tortor sollicitudin mi, sit amet lobortis sapien sapien non mi. Integer ac neque.', 217, 1);
insert into books (id, pub_date, is_bestseller, slug, title, image, description, price, discount) values (8, '04.05.2013', 0, 'book-lcm-961', 'Born Romantic', 'http://dummyimage.com/755x680.png/5fa2dd/ffffff', 'Vivamus tortor. Duis mattis egestas metus. Aenean fermentum. Donec ut mauris eget massa tempor convallis. Nulla neque libero, convallis eget, eleifend luctus, ultricies eu, nibh.', 1996, 2);
insert into books (id, pub_date, is_bestseller, slug, title, image, description, price, discount) values (9, '12.12.2019', 0, 'book-dsw-636', 'Frankenstein Syndrome, The', 'http://dummyimage.com/484x351.png/cc0000/ffffff', 'Duis aliquam convallis nunc. Proin at turpis a pede posuere nonummy. Integer non velit. Donec diam neque, vestibulum eget, vulputate ut, ultrices vel, augue. Vestibulum ante ipsum primis in faucibus orci luctus et ultrices posuere cubilia Curae; Donec pharetra, magna vestibulum aliquet ultrices, erat tortor sollicitudin mi, sit amet lobortis sapien sapien non mi.', 380, 0);
insert into books (id, pub_date, is_bestseller, slug, title, image, description, price, discount) values (10, '22.05.2020', 1, 'book-ahr-713', 'Maidens'' Conspiracy, The (Tirante el Blanco)', 'http://dummyimage.com/654x666.png/cc0000/ffffff', 'Morbi porttitor lorem id ligula. Suspendisse ornare consequat lectus. In est risus, auctor sed, tristique in, tempus sit amet, sem. Fusce consequat. Nulla nisl. Nunc nisl.', 880, 3);
insert into books (id, pub_date, is_bestseller, slug, title, image, description, price, discount) values (11, '15.03.2011', 0, 'book-cxg-350', 'Generation P', 'http://dummyimage.com/783x478.png/cc0000/ffffff', 'Nulla justo. Aliquam quis turpis eget elit sodales scelerisque. Mauris sit amet eros. Suspendisse accumsan tortor quis turpis. Sed ante.', 879, 3);
insert into books (id, pub_date, is_bestseller, slug, title, image, description, price, discount) values (12, '24.06.2008', 1, 'book-obj-110', '1066', 'http://dummyimage.com/638x517.png/5fa2dd/ffffff', 'Quisque porta volutpat erat. Quisque erat eros, viverra eget, congue eget, semper rutrum, nulla. Nunc purus. Phasellus in felis. Donec semper sapien a libero. Nam dui.', 466, 2);
insert into books (id, pub_date, is_bestseller, slug, title, image, description, price, discount) values (13, '12.05.2013', 1, 'book-liy-978', 'Heartbeat', 'http://dummyimage.com/515x493.png/dddddd/000000', 'Morbi vestibulum, velit id pretium iaculis, diam erat fermentum justo, nec condimentum neque sapien placerat ante. Nulla justo. Aliquam quis turpis eget elit sodales scelerisque. Mauris sit amet eros. Suspendisse accumsan tortor quis turpis. Sed ante.', 1077, 0);
insert into books (id, pub_date, is_bestseller, slug, title, image, description, price, discount) values (14, '06.05.2013', 1, 'book-hfr-231', 'Oh, Susanna!', 'http://dummyimage.com/662x620.png/cc0000/ffffff', 'Donec vitae nisi. Nam ultrices, libero non mattis pulvinar, nulla pede ullamcorper augue, a suscipit nulla elit ac nulla. Sed vel enim sit amet nunc viverra dapibus. Nulla suscipit ligula in lacus. Curabitur at ipsum ac tellus semper interdum.', 1016, 0);
insert into books (id, pub_date, is_bestseller, slug, title, image, description, price, discount) values (15, '14.07.2017', 1, 'book-hsw-665', 'Adventures of Ford Fairlane, The', 'http://dummyimage.com/766x519.png/cc0000/ffffff', 'Morbi sem mauris, laoreet ut, rhoncus aliquet, pulvinar sed, nisl. Nunc rhoncus dui vel sem. Sed sagittis. Nam congue, risus semper porta volutpat, quam pede lobortis ligula, sit amet eleifend pede libero quis orci. Nullam molestie nibh in lectus.', 483, 0);
insert into books (id, pub_date, is_bestseller, slug, title, image, description, price, discount) values (16, '12.02.2017', 1, 'book-ake-284', 'The great match', 'http://dummyimage.com/624x339.png/5fa2dd/ffffff', 'Morbi ut odio. Cras mi pede, malesuada in, imperdiet et, commodo vulputate, justo. In blandit ultrices enim. Lorem ipsum dolor sit amet, consectetuer adipiscing elit. Proin interdum mauris non ligula pellentesque ultrices.', 1205, 4);
insert into books (id, pub_date, is_bestseller, slug, title, image, description, price, discount) values (17, '28.09.2020', 1, 'book-sqt-795', 'Mallrats', 'http://dummyimage.com/635x354.png/ff4444/ffffff', 'Quisque porta volutpat erat. Quisque erat eros, viverra eget, congue eget, semper rutrum, nulla. Nunc purus. Phasellus in felis. Donec semper sapien a libero. Nam dui.', 577, 2);
insert into books (id, pub_date, is_bestseller, slug, title, image, description, price, discount) values (18, '28.09.2020', 1, 'book-rrk-856', 'Series 7: The Contenders', 'http://dummyimage.com/708x679.png/cc0000/ffffff', 'In tempor, turpis nec euismod scelerisque, quam turpis adipiscing lorem, vitae mattis nibh ligula nec sem. Duis aliquam convallis nunc. Proin at turpis a pede posuere nonummy. Integer non velit. Donec diam neque, vestibulum eget, vulputate ut, ultrices vel, augue. Vestibulum ante ipsum primis in faucibus orci luctus et ultrices posuere cubilia Curae; Donec pharetra, magna vestibulum aliquet ultrices, erat tortor sollicitudin mi, sit amet lobortis sapien sapien non mi.', 1667, 0);
insert into books (id, pub_date, is_bestseller, slug, title, image, description, price, discount) values (19, '28.09.2020', 1, 'book-hkh-554', 'Zatoichi Meets the One-Armed Swordsman (Shin zat? Ichi: Yabure! T?jin-ken) (Zat?ichi 22)', 'http://dummyimage.com/492x644.png/cc0000/ffffff', 'Phasellus in felis. Donec semper sapien a libero. Nam dui. Proin leo odio, porttitor id, consequat in, consequat ut, nulla. Sed accumsan felis. Ut at dolor quis odio consequat varius.', 2237, 4);
insert into books (id, pub_date, is_bestseller, slug, title, image, description, price, discount) values (20, '28.09.2020', 0, 'book-xuh-218', 'My Left Eye Sees Ghosts (Ngo joh aan gin diy gwai)', 'http://dummyimage.com/337x427.png/cc0000/ffffff', 'Nam ultrices, libero non mattis pulvinar, nulla pede ullamcorper augue, a suscipit nulla elit ac nulla. Sed vel enim sit amet nunc viverra dapibus. Nulla suscipit ligula in lacus. Curabitur at ipsum ac tellus semper interdum. Mauris ullamcorper purus sit amet nulla. Quisque arcu libero, rutrum ac, lobortis vel, dapibus at, diam.', 1306, 3);
insert into books (id, pub_date, is_bestseller, slug, title, image, description, price, discount) values (21, '28.09.2020', 0, 'book-efx-665', 'Three Wishes', 'http://dummyimage.com/651x514.png/cc0000/ffffff', 'In eleifend quam a odio. In hac habitasse platea dictumst. Maecenas ut massa quis augue luctus tincidunt. Nulla mollis molestie lorem. Quisque ut erat. Curabitur gravida nisi at nibh.', 822, 1);
insert into books (id, pub_date, is_bestseller, slug, title, image, description, price, discount) values (22, '28.09.2020', 1, 'book-wad-734', 'Legend of the Guardians: The Owls of Ga''Hoole', 'http://dummyimage.com/786x327.png/5fa2dd/ffffff', 'Maecenas leo odio, condimentum id, luctus nec, molestie sed, justo. Pellentesque viverra pede ac diam. Cras pellentesque volutpat dui. Maecenas tristique, est et tempus semper, est quam pharetra magna, ac consequat metus sapien ut nunc. Vestibulum ante ipsum primis in faucibus orci luctus et ultrices posuere cubilia Curae; Mauris viverra diam vitae quam.', 275, 4);
insert into books (id, pub_date, is_bestseller, slug, title, image, description, price, discount) values (23, '28.09.2020', 1, 'book-asi-123', '4', 'http://dummyimage.com/709x510.png/dddddd/000000', 'Phasellus in felis. Donec semper sapien a libero. Nam dui. Proin leo odio, porttitor id, consequat in, consequat ut, nulla. Sed accumsan felis. Ut at dolor quis odio consequat varius.', 394, 3);
insert into books (id, pub_date, is_bestseller, slug, title, image, description, price, discount) values (24, '28.09.2020', 1, 'book-piw-264', 'Man with One Red Shoe, The', 'http://dummyimage.com/553x463.png/ff4444/ffffff', 'In est risus, auctor sed, tristique in, tempus sit amet, sem. Fusce consequat. Nulla nisl. Nunc nisl. Duis bibendum, felis sed interdum venenatis, turpis enim blandit mi, in porttitor pede justo eu massa. Donec dapibus.', 1711, 5);
insert into books (id, pub_date, is_bestseller, slug, title, image, description, price, discount) values (25, '28.09.2020', 1, 'book-ipe-937', 'Lives of Others, The (Das leben der Anderen)', 'http://dummyimage.com/340x280.png/dddddd/000000', 'Nullam porttitor lacus at turpis. Donec posuere metus vitae ipsum. Aliquam non mauris. Morbi non lectus. Aliquam sit amet diam in magna bibendum imperdiet.', 2213, 0);

insert into book2author (id, author_id, book_id, sort_index) values (1, 24, 22, 13);
insert into book2author (id, author_id, book_id, sort_index) values (2, 8, 7, 25);
insert into book2author (id, author_id, book_id, sort_index) values (3, 3, 3, 24);
insert into book2author (id, author_id, book_id, sort_index) values (4, 13, 14, 14);
insert into book2author (id, author_id, book_id, sort_index) values (5, 12, 9, 25);
insert into book2author (id, author_id, book_id, sort_index) values (6, 5, 1, 4);
insert into book2author (id, author_id, book_id, sort_index) values (7, 14, 12, 8);
insert into book2author (id, author_id, book_id, sort_index) values (8, 18, 4, 19);
insert into book2author (id, author_id, book_id, sort_index) values (9, 1, 13, 14);
insert into book2author (id, author_id, book_id, sort_index) values (10, 4, 20, 1);
insert into book2author (id, author_id, book_id, sort_index) values (11, 12, 3, 16);
insert into book2author (id, author_id, book_id, sort_index) values (12, 13, 7, 19);
insert into book2author (id, author_id, book_id, sort_index) values (13, 22, 20, 1);
insert into book2author (id, author_id, book_id, sort_index) values (14, 14, 18, 16);
insert into book2author (id, author_id, book_id, sort_index) values (15, 20, 23, 2);
insert into book2author (id, author_id, book_id, sort_index) values (16, 21, 2, 8);
insert into book2author (id, author_id, book_id, sort_index) values (17, 25, 17, 8);
insert into book2author (id, author_id, book_id, sort_index) values (18, 13, 5, 14);
insert into book2author (id, author_id, book_id, sort_index) values (19, 10, 22, 17);
insert into book2author (id, author_id, book_id, sort_index) values (20, 7, 5, 21);
insert into book2author (id, author_id, book_id, sort_index) values (21, 14, 7, 16);
insert into book2author (id, author_id, book_id, sort_index) values (22, 13, 4, 16);
insert into book2author (id, author_id, book_id, sort_index) values (23, 21, 19, 0);
insert into book2author (id, author_id, book_id, sort_index) values (24, 21, 8, 3);
insert into book2author (id, author_id, book_id, sort_index) values (25, 19, 13, 6);

insert into tags (id, description) values (1, 'современная литература');
insert into tags (id, description) values (2, 'классическая литература');
insert into tags (id, description) values (3, 'зарубежная литература');
insert into tags (id, description) values (4, 'фэнтези');
insert into tags (id, description) values (5, 'английская литература');
insert into tags (id, description) values (6, 'русская литература');
insert into tags (id, description) values (7, 'американская литература');
insert into tags (id, description) values (8, 'фантастика');
insert into tags (id, description) values (9, 'детская литература');
insert into tags (id, description) values (10, 'любовь');
insert into tags (id, description) values (11, 'детектив');
insert into tags (id, description) values (12, 'мистика');
insert into tags (id, description) values (13, 'юмор');
insert into tags (id, description) values (14, 'сказка');
insert into tags (id, description) values (15, 'приключения');
insert into tags (id, description) values (16, 'французская литература');
insert into tags (id, description) values (17, 'художественная литература');
insert into tags (id, description) values (18, 'психология');
insert into tags (id, description) values (19, 'философия');
insert into tags (id, description) values (20, 'экранизировано');
insert into tags (id, description) values (21, 'любимое');
insert into tags (id, description) values (22, 'антиутопия');
insert into tags (id, description) values (23, 'дайте две');
insert into tags (id, description) values (24, 'история');
insert into tags (id, description) values (25, 'детство');
insert into tags (id, description) values (26, 'жизнь');
insert into tags (id, description) values (27, 'россия');
insert into tags (id, description) values (28, 'книжное путешествие');
insert into tags (id, description) values (29, 'магия');
insert into tags (id, description) values (30, 'дети');

insert into book2tag (id, book_id, tag_id) values (1, 13, 23);
insert into book2tag (id, book_id, tag_id) values (2, 3, 9);
insert into book2tag (id, book_id, tag_id) values (3, 14, 24);
insert into book2tag (id, book_id, tag_id) values (4, 9, 3);
insert into book2tag (id, book_id, tag_id) values (5, 23, 28);
insert into book2tag (id, book_id, tag_id) values (6, 21, 9);
insert into book2tag (id, book_id, tag_id) values (7, 11, 19);
insert into book2tag (id, book_id, tag_id) values (8, 3, 26);
insert into book2tag (id, book_id, tag_id) values (9, 22, 27);
insert into book2tag (id, book_id, tag_id) values (10, 7, 17);
insert into book2tag (id, book_id, tag_id) values (11, 2, 13);
insert into book2tag (id, book_id, tag_id) values (12, 2, 29);
insert into book2tag (id, book_id, tag_id) values (13, 19, 29);
insert into book2tag (id, book_id, tag_id) values (14, 18, 5);
insert into book2tag (id, book_id, tag_id) values (15, 19, 29);
insert into book2tag (id, book_id, tag_id) values (16, 25, 13);
insert into book2tag (id, book_id, tag_id) values (17, 12, 16);
insert into book2tag (id, book_id, tag_id) values (18, 3, 22);
insert into book2tag (id, book_id, tag_id) values (19, 5, 19);
insert into book2tag (id, book_id, tag_id) values (20, 17, 18);
insert into book2tag (id, book_id, tag_id) values (21, 22, 8);
insert into book2tag (id, book_id, tag_id) values (22, 17, 30);
insert into book2tag (id, book_id, tag_id) values (23, 4, 12);
insert into book2tag (id, book_id, tag_id) values (24, 19, 12);
insert into book2tag (id, book_id, tag_id) values (25, 20, 2);
insert into book2tag (id, book_id, tag_id) values (26, 1, 13);
insert into book2tag (id, book_id, tag_id) values (27, 5, 18);
insert into book2tag (id, book_id, tag_id) values (28, 17, 21);
insert into book2tag (id, book_id, tag_id) values (29, 23, 5);
insert into book2tag (id, book_id, tag_id) values (30, 7, 8);
insert into book2tag (id, book_id, tag_id) values (31, 3, 6);
insert into book2tag (id, book_id, tag_id) values (32, 20, 17);
insert into book2tag (id, book_id, tag_id) values (33, 20, 10);
insert into book2tag (id, book_id, tag_id) values (34, 14, 19);
insert into book2tag (id, book_id, tag_id) values (35, 17, 7);
insert into book2tag (id, book_id, tag_id) values (36, 4, 25);
insert into book2tag (id, book_id, tag_id) values (37, 10, 27);
insert into book2tag (id, book_id, tag_id) values (38, 23, 1);
insert into book2tag (id, book_id, tag_id) values (39, 8, 14);
insert into book2tag (id, book_id, tag_id) values (40, 11, 8);

insert into genre( id, parent_id, name, slug ) values( 1, null, 'Лёгкое чтение', 'gen_0_1' );
insert into genre( id, parent_id, name, slug ) values( 2, null, 'Серьёзное чтение', 'gen_0_2' );
insert into genre( id, parent_id, name, slug ) values( 3, null, 'Деловая литература', 'gen_0_3' );
insert into genre( id, parent_id, name, slug ) values( 4, null, 'Драматургия', 'gen_0_4' );
insert into genre( id, parent_id, name, slug ) values( 5, 1, 'Фантастика', 'gen_1_1' );
insert into genre( id, parent_id, name, slug ) values( 6, 1, 'Боевики', 'gen_1_2' );
insert into genre( id, parent_id, name, slug ) values( 7, 1, 'Детективы', 'gen_1_3' );
insert into genre( id, parent_id, name, slug ) values( 8, 1, 'Фэнтези', 'gen_1_4' );
insert into genre( id, parent_id, name, slug ) values( 9, 1, 'Романы', 'gen_1_5' );
insert into genre( id, parent_id, name, slug ) values( 10, 2, 'Биографии', 'gen_2_1' );
insert into genre( id, parent_id, name, slug ) values( 11, 3, 'Управление экономикой', 'gen_3_1' );
insert into genre( id, parent_id, name, slug ) values( 12, 3, 'Финансы', 'gen_3_2' );
insert into genre( id, parent_id, name, slug ) values( 13, 3, 'Малый бизнес', 'gen_3_3' );
insert into genre( id, parent_id, name, slug ) values( 14, 3, 'Стартапы и создание бизнеса', 'gen_3_4' );
insert into genre( id, parent_id, name, slug ) values( 15, 3, 'Бизнес-процессы', 'gen_3_5' );
insert into genre( id, parent_id, name, slug ) values( 16, 3, 'Управление качеством', 'gen_3_6' );
insert into genre( id, parent_id, name, slug ) values( 17, 7, 'Триллер', 'gen_7_1' );
insert into genre( id, parent_id, name, slug ) values( 18, 7, 'Иронический детектив', 'gen_7_2' );
insert into genre( id, parent_id, name, slug ) values( 19, 7, 'Криминальный детектив', 'gen_7_3' );
insert into genre( id, parent_id, name, slug ) values( 20, 7, 'Шпионский детектив', 'gen_7_4' );
insert into genre( id, parent_id, name, slug ) values( 21, 7, 'Крутой детектив', 'gen_7_5' );

insert into book2genre (id, book_id, genre_id) values (1, 17, 9);
insert into book2genre (id, book_id, genre_id) values (2, 20, 2);
insert into book2genre (id, book_id, genre_id) values (3, 14, 9);
insert into book2genre (id, book_id, genre_id) values (4, 9, 15);
insert into book2genre (id, book_id, genre_id) values (5, 12, 13);
insert into book2genre (id, book_id, genre_id) values (6, 17, 17);
insert into book2genre (id, book_id, genre_id) values (7, 12, 12);
insert into book2genre (id, book_id, genre_id) values (8, 13, 4);
insert into book2genre (id, book_id, genre_id) values (9, 14, 9);
insert into book2genre (id, book_id, genre_id) values (10, 19, 6);
insert into book2genre (id, book_id, genre_id) values (11, 10, 2);
insert into book2genre (id, book_id, genre_id) values (12, 16, 4);
insert into book2genre (id, book_id, genre_id) values (13, 24, 20);
insert into book2genre (id, book_id, genre_id) values (14, 14, 15);
insert into book2genre (id, book_id, genre_id) values (15, 7, 4);
insert into book2genre (id, book_id, genre_id) values (16, 13, 15);
insert into book2genre (id, book_id, genre_id) values (17, 22, 15);
insert into book2genre (id, book_id, genre_id) values (18, 23, 8);
insert into book2genre (id, book_id, genre_id) values (19, 6, 7);
insert into book2genre (id, book_id, genre_id) values (20, 10, 9);
insert into book2genre (id, book_id, genre_id) values (21, 22, 2);
insert into book2genre (id, book_id, genre_id) values (22, 23, 9);
insert into book2genre (id, book_id, genre_id) values (23, 18, 5);
insert into book2genre (id, book_id, genre_id) values (24, 8, 11);
insert into book2genre (id, book_id, genre_id) values (25, 2, 14);
insert into book2genre (id, book_id, genre_id) values (26, 16, 7);
insert into book2genre (id, book_id, genre_id) values (27, 4, 3);
insert into book2genre (id, book_id, genre_id) values (28, 15, 13);
insert into book2genre (id, book_id, genre_id) values (29, 6, 12);
insert into book2genre (id, book_id, genre_id) values (30, 7, 6);
insert into book2genre (id, book_id, genre_id) values (31, 10, 16);
insert into book2genre (id, book_id, genre_id) values (32, 18, 4);
insert into book2genre (id, book_id, genre_id) values (33, 13, 17);
insert into book2genre (id, book_id, genre_id) values (34, 12, 16);
insert into book2genre (id, book_id, genre_id) values (35, 21, 20);
insert into book2genre (id, book_id, genre_id) values (36, 14, 5);
insert into book2genre (id, book_id, genre_id) values (37, 23, 18);
insert into book2genre (id, book_id, genre_id) values (38, 10, 11);
insert into book2genre (id, book_id, genre_id) values (39, 22, 9);
insert into book2genre (id, book_id, genre_id) values (40, 10, 14);
insert into book2genre (id, book_id, genre_id) values (41, 15, 20);
insert into book2genre (id, book_id, genre_id) values (42, 1, 1);
insert into book2genre (id, book_id, genre_id) values (43, 17, 9);
insert into book2genre (id, book_id, genre_id) values (44, 6, 15);
insert into book2genre (id, book_id, genre_id) values (45, 25, 7);
insert into book2genre (id, book_id, genre_id) values (46, 23, 2);
insert into book2genre (id, book_id, genre_id) values (47, 19, 16);
insert into book2genre (id, book_id, genre_id) values (48, 3, 10);
insert into book2genre (id, book_id, genre_id) values (49, 11, 7);
insert into book2genre (id, book_id, genre_id) values (50, 7, 16);