insert into authors (id, name, description, slug) values (1, 'Vern Valente', 'Programmer I', '#ce1c63');
insert into authors (id, name, description, slug) values (2, 'Allis Bonallack', 'Senior Cost Accountant', '#4bdd0c');
insert into authors (id, name, description, slug) values (3, 'Jenica Brobak', 'Graphic Designer', '#566991');
insert into authors (id, name, description, slug) values (4, 'Claus Lytell', 'Environmental Tech', '#44d886');
insert into authors (id, name, description, slug) values (5, 'Stacee De la Harpe', 'Safety Technician III', '#4cb086');
insert into authors (id, name, description, slug) values (6, 'Alice Killner', 'Payment Adjustment Coordinator', '#ec3e25');
insert into authors (id, name, description, slug) values (7, 'Phylys Lowther', 'Senior Quality Engineer', '#8e8d8d');
insert into authors (id, name, description, slug) values (8, 'Marion Ouldred', 'Chief Design Engineer', '#688db4');
insert into authors (id, name, description, slug) values (9, 'Lauree Inderwick', 'Safety Technician IV', '#8c4196');
insert into authors (id, name, description, slug) values (10, 'Karel Waistall', 'Registered Nurse', '#4e159c');
insert into authors (id, name, description, slug) values (11, 'Luce Going', 'Administrative Assistant II', '#20e4aa');
insert into authors (id, name, description, slug) values (12, 'Madeleine Yerrington', 'Accountant II', '#98fa2a');
insert into authors (id, name, description, slug) values (13, 'Margareta Kinghorn', 'Compensation Analyst', '#368698');
insert into authors (id, name, description, slug) values (14, 'Cesaro Endon', 'Senior Quality Engineer', '#25a274');
insert into authors (id, name, description, slug) values (15, 'Terrijo Brittain', 'Desktop Support Technician', '#d38446');
insert into authors (id, name, description, slug) values (16, 'Corey Yakovlev', 'Staff Scientist', '#9757e7');
insert into authors (id, name, description, slug) values (17, 'Carver Brick', 'Assistant Professor', '#2f35ff');
insert into authors (id, name, description, slug) values (18, 'Annabelle Holley', 'Office Assistant IV', '#5db381');
insert into authors (id, name, description, slug) values (19, 'Nadya Kimble', 'Administrative Assistant I', '#d6ddef');
insert into authors (id, name, description, slug) values (20, 'Otis Swin', 'Research Associate', '#0b600b');
insert into authors (id, name, description, slug) values (21, 'Corrie Jowsey', 'Senior Quality Engineer', '#5818d1');
insert into authors (id, name, description, slug) values (22, 'Josee Balderston', 'Operator', '#385f0e');
insert into authors (id, name, description, slug) values (23, 'Timmie Cobbin', 'Budget/Accounting Analyst II', '#88a147');
insert into authors (id, name, description, slug) values (24, 'Gardy Castagnaro', 'Junior Executive', '#4d9f52');
insert into authors (id, name, description, slug) values (25, 'Delores Cromwell', 'Software Engineer III', '#38dd33');

insert into books (id, description, discount, is_bestseller, price, pub_date, slug, title) values (1, 'Structural Analysis Engineer', 24, 0, 4014, '20.05.2023', '2591a363de9e7933aacbbdf3c3945e39', 'Stucco Mason');
insert into books (id, description, discount, is_bestseller, price, pub_date, slug, title) values (2, 'Payment Adjustment Coordinator', 24, 1, 4022, '04.01.2023', '18e0a5c95dc0d3713bb5767348d1daa1', 'Millwright');
insert into books (id, description, discount, is_bestseller, price, pub_date, slug, title) values (3, 'Programmer Analyst II', 16, 1, 3800, '08.02.2023', 'f56b0011e685a69c696e0f57b010f18a', 'Equipment Operator');
insert into books (id, description, discount, is_bestseller, price, pub_date, slug, title) values (4, 'Staff Accountant III', 25, 0, 3477, '15.05.2023', 'd08842dbaacaef3f35d47bb1b986cab0', 'Equipment Operator');
insert into books (id, description, discount, is_bestseller, price, pub_date, slug, title) values (5, 'Nurse', 30, 0, 2460, '06.09.2023', 'cff096499f88b0e5d954e06f65ef842f', 'Sheet Metal Worker');
insert into books (id, description, discount, is_bestseller, price, pub_date, slug, title) values (6, 'VP Accounting', 0, 0, 4977, '28.06.2023', 'f646e17c712d7405805b29856db3046b', 'Laborer');
insert into books (id, description, discount, is_bestseller, price, pub_date, slug, title) values (7, 'Project Manager', 9, 0, 3106, '27.06.2023', '869009a5d0155f974b7a42dabc0ef80c', 'Ironworker');
insert into books (id, description, discount, is_bestseller, price, pub_date, slug, title) values (8, 'Director of Sales', 29, 0, 3502, '17.11.2022', 'b85b3acd1d516a50edb551b0fc636889', 'Carpenter');
insert into books (id, description, discount, is_bestseller, price, pub_date, slug, title) values (9, 'Media Manager I', 13, 0, 4568, '09.07.2023', '4225f136aa0bbb57d7f5cb02fbd57ce9', 'Painter');
insert into books (id, description, discount, is_bestseller, price, pub_date, slug, title) values (10, 'Senior Sales Associate', 0, 0, 4732, '20.07.2023', '1399604feb2dd01fbc3253c6b2ff9db9', 'Brickmason');
insert into books (id, description, discount, is_bestseller, price, pub_date, slug, title) values (11, 'Project Manager', 26, 0, 4006, '12.12.2022', '6fe576a7120da2cf38a2e846849aec3b', 'HVAC');
insert into books (id, description, discount, is_bestseller, price, pub_date, slug, title) values (12, 'VP Marketing', 21, 0, 3857, '18.12.2022', 'd3166c234ede4aad271190e76ca7c5da', 'Boilermaker');
insert into books (id, description, discount, is_bestseller, price, pub_date, slug, title) values (13, 'Engineer I', 27, 1, 3725, '17.10.2022', '2e0d0c7a62f51adc322942bb8579f1af', 'Refridgeration');
insert into books (id, description, discount, is_bestseller, price, pub_date, slug, title) values (14, 'GIS Technical Architect', 14, 1, 4039, '03.09.2023', '83a29be426e1148131dbf024c630a197', 'Landscaper');
insert into books (id, description, discount, is_bestseller, price, pub_date, slug, title) values (15, 'Data Coordinator', 2, 0, 3536, '31.12.2022', 'e4f812426c6a7d612575ebdf1b8abb2e', 'Electrician');
insert into books (id, description, discount, is_bestseller, price, pub_date, slug, title) values (16, 'Human Resources Manager', 8, 0, 3717, '26.06.2023', 'dfc64ae5134ea8187cd7bfbf3fb0348a', 'Welder');
insert into books (id, description, discount, is_bestseller, price, pub_date, slug, title) values (17, 'Paralegal', 4, 0, 4172, '09.07.2023', '80e1585da7922e96e815b702ea7284a7', 'Millwright');
insert into books (id, description, discount, is_bestseller, price, pub_date, slug, title) values (18, 'Programmer Analyst IV', 19, 1, 2757, '26.12.2022', '5282b50c9812232bd19cab6b86ebfc22', 'HVAC');
insert into books (id, description, discount, is_bestseller, price, pub_date, slug, title) values (19, 'Executive Secretary', 5, 0, 3284, '06.02.2023', '5c61e861949b86842f072ce53e5040de', 'Concrete Finisher');
insert into books (id, description, discount, is_bestseller, price, pub_date, slug, title) values (20, 'Research Associate', 25, 1, 3835, '25.11.2022', 'e6cc185bea2a4b0ff29606f4644a468a', 'Painter');
insert into books (id, description, discount, is_bestseller, price, pub_date, slug, title) values (21, 'Professor', 25, 1, 2713, '20.02.2023', '58dd40897da1aeb6f441201e04cd835e', 'Plumber');
insert into books (id, description, discount, is_bestseller, price, pub_date, slug, title) values (22, 'Desktop Support Technician', 8, 0, 2404, '27.01.2023', '8081ce6aa8969abca9ed156f0b0d7c96', 'Cement Mason');
insert into books (id, description, discount, is_bestseller, price, pub_date, slug, title) values (23, 'Help Desk Operator', 0, 1, 3694, '08.09.2023', '6e1523a83f54f566e9a89a4942c195e8', 'Refridgeration');
insert into books (id, description, discount, is_bestseller, price, pub_date, slug, title) values (24, 'Community Outreach Specialist', 25, 0, 3291, '04.12.2022', '6d8ce0a5689017064955a4a8ec526f7e', 'Welder');
insert into books (id, description, discount, is_bestseller, price, pub_date, slug, title) values (25, 'Office Assistant IV', 12, 0, 3984, '10.06.2023', 'ef1641f89bc8f1959b5efe90055f46f1', 'Tile Setter');

insert into book2author (id, author_id, book_id, sort_index) values (1, 24, 22, 13);
insert into book2author (id, author_id, book_id, sort_index) values (2, 8, 7, 25);
insert into book2author (id, author_id, book_id, sort_index) values (3, 3, 3, 24);
insert into book2author (id, author_id, book_id, sort_index) values (4, 13, 14, 14);
insert into book2author (id, author_id, book_id, sort_index) values (5, 12, 9, 25);
insert into book2author (id, author_id, book_id, sort_index) values (6, 5, 1, 4);
insert into book2author (id, author_id, book_id, sort_index) values (7, 14, 12, 8);
insert into book2author (id, author_id, book_id, sort_index) values (8, 18, 4, 19);
insert into book2author (id, author_id, book_id, sort_index) values (9, 1, 13, 14);
insert into book2author (id, author_id, book_id, sort_index) values (10, 4, 20, 1);
insert into book2author (id, author_id, book_id, sort_index) values (11, 12, 3, 16);
insert into book2author (id, author_id, book_id, sort_index) values (12, 13, 7, 19);
insert into book2author (id, author_id, book_id, sort_index) values (13, 22, 20, 1);
insert into book2author (id, author_id, book_id, sort_index) values (14, 14, 18, 16);
insert into book2author (id, author_id, book_id, sort_index) values (15, 20, 23, 2);
insert into book2author (id, author_id, book_id, sort_index) values (16, 21, 2, 8);
insert into book2author (id, author_id, book_id, sort_index) values (17, 25, 17, 8);
insert into book2author (id, author_id, book_id, sort_index) values (18, 13, 5, 14);
insert into book2author (id, author_id, book_id, sort_index) values (19, 10, 22, 17);
insert into book2author (id, author_id, book_id, sort_index) values (20, 7, 5, 21);
insert into book2author (id, author_id, book_id, sort_index) values (21, 14, 7, 16);
insert into book2author (id, author_id, book_id, sort_index) values (22, 13, 4, 16);
insert into book2author (id, author_id, book_id, sort_index) values (23, 21, 19, 0);
insert into book2author (id, author_id, book_id, sort_index) values (24, 21, 8, 3);
insert into book2author (id, author_id, book_id, sort_index) values (25, 19, 13, 6);
